timestamp,actual_mw,predicted_mw,error_mw
2023-08-02 19:00:00,200516.208,197993.06101,2523.1469900000084
2023-08-02 20:00:00,200071.274,201331.13922,-1259.865220000007
2023-08-02 21:00:00,199048.828,200458.55464000002,-1409.726640000008
2023-08-02 22:00:00,197379.164,199130.29913999993,-1751.1351399999403
2023-08-02 23:00:00,192436.15,194188.32543999996,-1752.1754399999627
2023-08-03 00:00:00,187755.976,188096.2436700001,-340.2676700001175
2023-08-03 01:00:00,183444.959,183142.88928000018,302.0697199998249
2023-08-03 02:00:00,179418.82,179594.32443000007,-175.50443000005907
2023-08-03 03:00:00,176764.698,177015.28558000003,-250.58758000002126
2023-08-03 04:00:00,175674.683,175572.0400999999,102.6429000000935
2023-08-03 05:00:00,177258.434,177439.77232999998,-181.33832999996957
2023-08-03 06:00:00,183530.901,180959.72168999995,2571.179310000065
2023-08-03 07:00:00,186719.058,185984.86501000007,734.1929899999232
2023-08-03 08:00:00,189745.333,189368.15986000004,377.17313999996986
2023-08-03 09:00:00,196613.498,195779.44652000003,834.0514799999655
2023-08-03 10:00:00,198808.128,198455.60225000003,352.5257499999716
2023-08-03 11:00:00,200074.842,199983.14517999996,91.69682000004104
2023-08-03 12:00:00,199369.962,199970.35447000002,-600.3924700000207
2023-08-03 13:00:00,198198.228,198867.66126999995,-669.4332699999504
2023-08-03 14:00:00,201548.161,198308.64950999993,3239.5114900000626
2023-08-03 15:00:00,199045.659,200844.8411399999,-1799.1821399998735
2023-08-03 16:00:00,197089.9,194711.12182999996,2378.778170000034
2023-08-03 17:00:00,192592.435,192577.04598000005,15.38901999994414
2023-08-03 18:00:00,193575.516,191564.37490000005,2011.1410999999498
2023-08-03 19:00:00,203723.51,197446.46910999998,6277.040890000033
2023-08-03 20:00:00,204487.234,202045.74239,2441.4916099999973
2023-08-03 21:00:00,203658.545,202237.40698000003,1421.138019999984
2023-08-03 22:00:00,202869.758,200066.31820000013,2803.4397999998764
2023-08-03 23:00:00,198184.495,197979.41191999998,205.08308000001125
2023-08-04 00:00:00,192853.96,193476.45566000007,-622.4956600000733
2023-08-04 01:00:00,186878.662,188441.0799899999,-1562.4179899998999
2023-08-04 02:00:00,183088.287,182765.55493000007,322.73206999994
2023-08-04 03:00:00,179899.327,179656.75363999992,242.57336000006762
2023-08-04 04:00:00,179039.604,179004.92175000013,34.682249999867054
2023-08-04 05:00:00,181289.581,180803.25403000007,486.3269699999364
2023-08-04 06:00:00,187410.446,185076.00520999997,2334.4407900000224
2023-08-04 07:00:00,191225.99,188982.76017000005,2243.2298299999384
2023-08-04 08:00:00,193968.068,192851.45352999997,1116.6144700000295
2023-08-04 09:00:00,201345.588,198116.07489000005,3229.5131099999417
2023-08-04 10:00:00,204860.253,201371.1665299999,3489.0864700000966
2023-08-04 11:00:00,204952.508,203206.57575999983,1745.9322400001693
2023-08-04 12:00:00,203691.233,202639.70464999997,1051.5283500000369
2023-08-04 13:00:00,200486.509,200679.89779000002,-193.38879000002635
2023-08-04 14:00:00,201804.96,201397.23993,407.7200699999812
2023-08-04 15:00:00,201457.965,200105.88611000005,1352.078889999946
2023-08-04 16:00:00,197060.484,196989.7845899999,70.69941000008839
2023-08-04 17:00:00,192080.35,192138.15327000018,-57.8032700001786
2023-08-04 18:00:00,193863.277,190557.76337999996,3305.5136200000416
2023-08-04 19:00:00,204289.419,200874.56926999995,3414.8497300000454
2023-08-04 20:00:00,203445.646,205448.24006999994,-2002.5940699999337
2023-08-04 21:00:00,202091.63,203149.38356000002,-1057.753560000012
2023-08-04 22:00:00,201493.175,202269.23048,-776.05548000001
2023-08-04 23:00:00,197937.583,198900.67755999987,-963.0945599998522
2023-08-05 00:00:00,194018.527,193135.4334500001,883.0935499999032
2023-08-05 01:00:00,189051.031,189787.16465000008,-736.1336500000907
2023-08-05 02:00:00,185184.593,184855.94717999996,328.6458200000343
2023-08-05 03:00:00,182281.144,182288.67589000004,-7.53189000004204
2023-08-05 04:00:00,181375.866,180588.49688000005,787.3691199999594
2023-08-05 05:00:00,182840.484,180891.6191599999,1948.8648400001111
2023-08-05 06:00:00,187825.313,183832.97422999996,3992.338770000031
2023-08-05 07:00:00,189746.675,189443.78191,302.89308999999776
2023-08-05 08:00:00,193443.589,192508.59357999993,934.9954200000793
2023-08-05 09:00:00,200693.663,199157.80804,1535.854959999997
2023-08-05 10:00:00,204875.582,203585.86073,1289.721270000009
2023-08-05 11:00:00,205672.34,205807.30852,-134.9685199999949
2023-08-05 12:00:00,199599.01,204922.1249,-5323.114899999986
2023-08-05 13:00:00,201794.403,200109.95583,1684.4471699999995
2023-08-05 14:00:00,203698.348,202088.94630000004,1609.4016999999585
2023-08-05 15:00:00,203436.777,202516.55338000003,920.2236199999752
2023-08-05 16:00:00,198023.31,198006.6119900001,16.69800999990548
2023-08-05 17:00:00,192959.806,192587.83503000013,371.97096999987843
2023-08-05 18:00:00,194542.437,190628.81128999998,3913.625710000022
2023-08-05 19:00:00,205467.588,199671.58559,5796.002409999986
2023-08-05 20:00:00,205305.662,204170.84364999982,1134.8183500001905
2023-08-05 21:00:00,203540.457,204065.31473999989,-524.8577399998903
2023-08-05 22:00:00,203080.473,203153.59448000015,-73.12148000014713
2023-08-05 23:00:00,199976.718,198862.63918000003,1114.078819999966
2023-08-06 00:00:00,196769.995,195727.70757999987,1042.2874200001243
2023-08-06 01:00:00,192027.697,191839.8158600001,187.88113999989582
2023-08-06 02:00:00,187761.041,187982.32586999994,-221.28486999994493
2023-08-06 03:00:00,184277.007,184055.49846,221.50854000000982
2023-08-06 04:00:00,183021.947,182216.14066999988,805.8063300001086
2023-08-06 05:00:00,183115.484,181382.97935999997,1732.5046400000283
2023-08-06 06:00:00,184274.986,182907.78076999995,1367.2052300000505
2023-08-06 07:00:00,185063.953,185488.67072999995,-424.71772999994573
2023-08-06 08:00:00,187642.505,187821.44594999996,-178.94094999996014
2023-08-06 09:00:00,193615.053,193664.46827999997,-49.41527999995742
2023-08-06 10:00:00,195651.281,196468.60487,-817.323870000022
2023-08-06 11:00:00,197180.97,196268.26407999994,912.7059200000658
2023-08-06 12:00:00,196549.71,196052.60781,497.10219000000507
2023-08-06 13:00:00,194537.322,195901.65251999992,-1364.3305199999304
2023-08-06 14:00:00,195347.153,196354.13191000003,-1006.9789100000344
2023-08-06 15:00:00,194043.68,196148.97589999987,-2105.295899999881
2023-08-06 16:00:00,188866.893,192504.99611,-3638.1031099999964
2023-08-06 17:00:00,182293.007,185955.64997000006,-3662.6429700000444
2023-08-06 18:00:00,181705.789,183352.98316000003,-1647.1941600000428
2023-08-06 19:00:00,193450.705,187090.63519,6360.069809999986
2023-08-06 20:00:00,196289.957,195328.06674000007,961.8902599999274
2023-08-06 21:00:00,196360.5,196570.53191000002,-210.0319100000197
2023-08-06 22:00:00,196613.69,196557.54231,56.14769000001252
2023-08-06 23:00:00,192526.644,195071.55009999993,-2544.9060999999347
2023-08-07 00:00:00,187335.813,189023.07351000005,-1687.260510000051
2023-08-07 01:00:00,183428.023,182501.31884,926.7041599999939
2023-08-07 02:00:00,178903.099,179331.25272000008,-428.1537200000894
2023-08-07 03:00:00,175637.761,175864.59508999996,-226.83408999996027
2023-08-07 04:00:00,175216.25,174907.76444999996,308.48555000004126
2023-08-07 05:00:00,178470.333,178335.87693000003,134.45606999998563
2023-08-07 06:00:00,184835.45,181423.52383000002,3411.9261699999915
2023-08-07 07:00:00,190875.474,187883.7270900001,2991.7469099999
2023-08-07 08:00:00,194112.354,197258.3745300001,-3146.020530000096
2023-08-07 09:00:00,202015.615,201319.71967000005,695.8953299999412
2023-08-07 10:00:00,207010.932,204897.84181999986,2113.0901800001448
2023-08-07 11:00:00,208308.831,207611.14490999997,697.686090000032
2023-08-07 12:00:00,207701.566,209723.40358999989,-2021.8375899998937
2023-08-07 13:00:00,205147.997,207808.56319999992,-2660.566199999914
2023-08-07 14:00:00,207457.212,205237.66036999994,2219.55163000006
2023-08-07 15:00:00,206949.878,207541.96537999995,-592.0873799999536
2023-08-07 16:00:00,202623.001,203668.99977000005,-1045.9987700000638
2023-08-07 17:00:00,197886.942,197649.27618999992,237.6658100000932
2023-08-07 18:00:00,199104.196,196978.03829999996,2126.1577000000398
2023-08-07 19:00:00,207904.648,200253.64175,7651.006249999977
2023-08-07 20:00:00,207255.096,204917.4517499999,2337.6442500000994
2023-08-07 21:00:00,206780.673,204810.30278999987,1970.3702100001392
2023-08-07 22:00:00,205974.907,204559.00022999992,1415.9067700000887
2023-08-07 23:00:00,201769.883,203134.10270000013,-1364.2197000001324
2023-08-08 00:00:00,196961.02,197453.9872899999,-492.9672899999132
2023-08-08 01:00:00,192289.824,192211.63508000004,78.18891999995685
2023-08-08 02:00:00,188073.55,188421.81045000002,-348.2604500000307
2023-08-08 03:00:00,184938.445,185050.01839999977,-111.57339999976102
2023-08-08 04:00:00,184737.632,182761.32313,1976.308870000008
2023-08-08 05:00:00,188221.809,185349.31741999998,2872.491580000031
2023-08-08 06:00:00,193909.028,189363.40536000012,4545.62263999987
2023-08-08 07:00:00,197091.873,193599.64222000007,3492.2307799999253
2023-08-08 08:00:00,200134.476,193961.39564000006,6173.080359999934
2023-08-08 09:00:00,207377.349,204319.28173999998,3058.0672600000107
2023-08-08 10:00:00,212217.342,209198.78531999994,3018.556680000067
2023-08-08 11:00:00,212790.153,211988.64763999992,801.5053600000683
2023-08-08 12:00:00,212617.235,211754.88900999996,862.3459900000307
2023-08-08 13:00:00,209341.582,210588.25006999998,-1246.6680699999852
2023-08-08 14:00:00,213089.715,210455.13311000005,2634.581889999943
2023-08-08 15:00:00,213537.973,211821.55097999994,1716.4220200000564
2023-08-08 16:00:00,207650.778,206872.6404,778.1375999999873
2023-08-08 17:00:00,203051.805,200070.73920999985,2981.065790000139
2023-08-08 18:00:00,202787.253,199059.56371999995,3727.6892800000496
2023-08-08 19:00:00,207624.383,205656.72368999998,1967.6593100000173
2023-08-08 20:00:00,206435.279,208457.6207099999,-2022.3417099998915
2023-08-08 21:00:00,205376.48,208205.2589299999,-2828.778929999884
2023-08-08 22:00:00,203747.068,206057.66131999998,-2310.5933199999854
2023-08-08 23:00:00,201519.28,202777.90087999997,-1258.620879999973
2023-08-09 00:00:00,198261.696,198048.48573000001,213.2102699999814
2023-08-09 01:00:00,193654.601,193277.57351999998,377.02748000001884
2023-08-09 02:00:00,189990.362,190098.17994999993,-107.81794999993872
2023-08-09 03:00:00,186988.567,185838.28343,1150.2835699999996
2023-08-09 04:00:00,186948.177,186206.61387999996,741.5631200000353
2023-08-09 05:00:00,190160.785,187662.32861000006,2498.4563899999484
2023-08-09 06:00:00,195645.195,190447.99998999998,5197.195010000025
2023-08-09 07:00:00,197703.559,195418.44768000004,2285.1113199999672
2023-08-09 08:00:00,201075.596,199707.97710000002,1367.6188999999722
2023-08-09 09:00:00,210038.186,205958.90751999986,4079.2784800001245
2023-08-09 10:00:00,214973.53,211349.56656999994,3623.9634300000616
2023-08-09 11:00:00,217546.283,215788.87215000004,1757.4108499999566
2023-08-09 12:00:00,218094.066,216767.83901999998,1326.2269800000067
2023-08-09 13:00:00,216956.575,215791.47974999997,1165.0952500000421
2023-08-09 14:00:00,219377.303,216919.63731000005,2457.6656899999653
2023-08-09 15:00:00,217806.135,217281.12667,525.0083300000115
2023-08-09 16:00:00,211973.757,209894.8427300001,2078.914269999921
2023-08-09 17:00:00,206215.76,204993.03399000003,1222.726009999984
2023-08-09 18:00:00,202595.248,202950.85871999993,-355.61071999993874
2023-08-09 19:00:00,206967.115,206023.60422999997,943.5107700000226
2023-08-09 20:00:00,205786.915,207693.47368999996,-1906.558689999947
2023-08-09 21:00:00,205381.663,206700.96038999993,-1319.2973899999342
2023-08-09 22:00:00,204115.789,204936.71451999983,-820.9255199998443
2023-08-09 23:00:00,203242.354,203622.64442999993,-380.29042999993544
2023-08-10 00:00:00,200559.76,199030.02816,1529.7318400000222
2023-08-10 01:00:00,196778.614,195651.18400999988,1127.4299900001206
2023-08-10 02:00:00,193073.937,192261.71501,812.2219899999909
2023-08-10 03:00:00,190701.064,189540.4475899999,1160.6164100001042
2023-08-10 04:00:00,190314.649,189558.15986000013,756.4891399998742
2023-08-10 05:00:00,192060.948,188960.9130199999,3100.034980000113
2023-08-10 06:00:00,196528.618,191952.37565999993,4576.242340000055
2023-08-10 07:00:00,199758.569,195614.12825999997,4144.44074000002
2023-08-10 08:00:00,204731.439,201977.56152999995,2753.877470000065
2023-08-10 09:00:00,213034.546,209785.92994000003,3248.616059999971
2023-08-10 10:00:00,219676.827,215368.16432999988,4308.662670000107
2023-08-10 11:00:00,222905.416,219762.99692999985,3142.419070000149
2023-08-10 12:00:00,223290.97,220229.33287999983,3061.637120000174
2023-08-10 13:00:00,220956.064,220179.43205999982,776.6319400001958
2023-08-10 14:00:00,223812.736,220540.52738999992,3272.208610000089
2023-08-10 15:00:00,221904.891,220296.89131999985,1607.9996800001536
2023-08-10 16:00:00,215094.149,211662.81375999993,3431.335240000073
2023-08-10 17:00:00,207817.237,207809.3011700001,7.935829999885755
2023-08-10 18:00:00,205561.064,204287.01601999998,1274.047980000032
2023-08-10 19:00:00,209490.724,206021.66718999992,3469.0568100000673
2023-08-10 20:00:00,208306.253,208542.2682000001,-236.01520000011078
2023-08-10 21:00:00,207687.352,208450.06525000007,-762.7132500000589
2023-08-10 22:00:00,206460.36,206197.76622999983,262.5937700001523
2023-08-10 23:00:00,204302.804,205062.1549599998,-759.350959999807
2023-08-11 00:00:00,200850.055,199989.45497999992,860.6000200000708
2023-08-11 01:00:00,198933.105,195959.2110499998,2973.8939500002016
2023-08-11 02:00:00,196492.683,194785.82883999997,1706.8541600000171
2023-08-11 03:00:00,194434.154,192376.43447,2057.719530000002
2023-08-11 04:00:00,194501.266,192020.54960999996,2480.716390000045
2023-08-11 05:00:00,195976.732,191855.2295699999,4121.5024300000805
2023-08-11 06:00:00,199391.694,194013.13316,5378.560839999991
2023-08-11 07:00:00,203014.269,200214.60266000006,2799.666339999938
2023-08-11 08:00:00,208717.901,206238.83824999986,2479.0627500001574
2023-08-11 09:00:00,217953.214,211190.66850999993,6762.545490000077
2023-08-11 10:00:00,224730.256,220323.90542999998,4406.35057000001
2023-08-11 11:00:00,227404.454,220459.15263000003,6945.301369999972
2023-08-11 12:00:00,224159.226,220546.32986000009,3612.89613999991
2023-08-11 13:00:00,226767.177,220497.70450000008,6269.472499999916
2023-08-11 14:00:00,227505.99,220704.98230000012,6801.007699999871
2023-08-11 15:00:00,224228.244,220508.30774000008,3719.9362599999295
2023-08-11 16:00:00,216192.598,212974.12523000006,3218.472769999935
2023-08-11 17:00:00,209459.246,208210.80696000016,1248.439039999852
2023-08-11 18:00:00,207636.223,207386.49638000003,249.72661999997217
2023-08-11 19:00:00,210809.149,209023.46044000008,1785.6885599999223
2023-08-11 20:00:00,209445.835,208766.95087,678.8841299999913
2023-08-11 21:00:00,209195.762,208823.62169000006,372.14030999992974
2023-08-11 22:00:00,209593.124,209320.23594,272.8880599999975
2023-08-11 23:00:00,207867.246,206957.61426,909.6317400000116
2023-08-12 00:00:00,203848.538,203369.22332000002,479.3146799999813
2023-08-12 01:00:00,203113.747,199531.67383999992,3582.0731600000872
2023-08-12 02:00:00,199388.526,197710.1478700001,1678.37812999991
2023-08-12 03:00:00,197142.587,195044.5360899999,2098.0509100001073
2023-08-12 04:00:00,195739.465,192918.8217100002,2820.6432899998035
2023-08-12 05:00:00,197476.008,193713.9892,3762.0187999999907
2023-08-12 06:00:00,200597.292,198184.41183000006,2412.8801699999312
2023-08-12 07:00:00,202873.159,203789.44379999995,-916.2847999999358
2023-08-12 08:00:00,207576.541,206477.76359999995,1098.77740000005
2023-08-12 09:00:00,214661.501,210223.55439000003,4437.946609999955
2023-08-12 10:00:00,219917.34,216502.07140999998,3415.2685900000215
2023-08-12 11:00:00,222088.739,219358.04317000002,2730.6958299999824
2023-08-12 12:00:00,223234.479,219588.6497300001,3645.8292699999
2023-08-12 13:00:00,222010.257,219583.71076000007,2426.546239999938
2023-08-12 14:00:00,224328.541,219748.73734000008,4579.803659999918
2023-08-12 15:00:00,222027.717,219572.56347000002,2455.1535299999814
2023-08-12 16:00:00,215038.927,212898.11835,2140.8086499999918
2023-08-12 17:00:00,207961.315,208668.67900999996,-707.3640099999611
2023-08-12 18:00:00,208305.484,207339.85726,965.626740000007
2023-08-12 19:00:00,215009.771,208546.80213999993,6462.968860000081
2023-08-12 20:00:00,213601.273,209597.36447999996,4003.9085200000263
2023-08-12 21:00:00,212736.028,209543.37275999988,3192.655240000109
2023-08-12 22:00:00,213030.13,210150.0830799999,2880.04692000011
2023-08-12 23:00:00,210751.64,209786.42791,965.2120900000155
2023-08-13 00:00:00,208216.221,206569.85137000005,1646.3696299999428
2023-08-13 01:00:00,203386.349,204320.19321000006,-933.8442100000684
2023-08-13 02:00:00,199766.87,198513.54624999996,1253.3237500000396
2023-08-13 03:00:00,197670.435,195827.50775999983,1842.9272400001646
2023-08-13 04:00:00,197310.369,193557.44770999998,3752.9212900000275
2023-08-13 05:00:00,198105.568,193102.73692000005,5002.831079999945
2023-08-13 06:00:00,198286.92,196346.17737,1940.7426300000225
2023-08-13 07:00:00,198937.032,197096.65083999996,1840.381160000048
2023-08-13 08:00:00,201400.198,199394.02918999988,2006.1688100001193
2023-08-13 09:00:00,208963.001,206001.99387,2961.0071299999836
2023-08-13 10:00:00,214898.451,210634.68544,4263.76556
2023-08-13 11:00:00,217433.222,217609.7498100001,-176.5278100000869
2023-08-13 12:00:00,218352.398,219207.55548000007,-855.1574800000817
2023-08-13 13:00:00,217573.573,219213.73192000008,-1640.1589200000744
2023-08-13 14:00:00,217166.792,219309.10131000011,-2142.309310000128
2023-08-13 15:00:00,213194.086,219085.34911000007,-5891.263110000058
2023-08-13 16:00:00,204066.222,210403.17511,-6336.953110000002
2023-08-13 17:00:00,195732.419,201865.29145,-6132.872449999995
2023-08-13 18:00:00,197012.752,199115.65948999993,-2102.907489999925
2023-08-13 19:00:00,208079.851,201065.23642999987,7014.614570000122
2023-08-13 20:00:00,209071.946,209498.47712999996,-426.5311299999594
2023-08-13 21:00:00,209253.977,209883.47361999995,-629.4966199999326
2023-08-13 22:00:00,209836.567,210419.46316999994,-582.8961699999345
2023-08-13 23:00:00,206092.194,210441.67579,-4349.48179000002
2023-08-14 00:00:00,201310.784,205919.07462999984,-4608.2906299998285
2023-08-14 01:00:00,197144.692,199128.03415,-1983.3421499999822
2023-08-14 02:00:00,194182.002,195171.77951000005,-989.7775100000435
2023-08-14 03:00:00,192173.031,192610.72923000008,-437.6982300000964
2023-08-14 04:00:00,192020.141,193182.70285000003,-1162.5618500000273
2023-08-14 05:00:00,193652.859,193818.57074000008,-165.71174000008614
2023-08-14 06:00:00,196369.526,196103.26728,266.25872000001254
2023-08-14 07:00:00,200596.641,198575.51507000002,2021.1259299999801
2023-08-14 08:00:00,206340.272,204661.55199999985,1678.7200000001467
2023-08-14 09:00:00,216772.309,209493.74609000006,7278.56290999995
2023-08-14 10:00:00,223626.642,217363.65315000003,6262.988849999965
2023-08-14 11:00:00,226684.651,219474.6283899999,7210.022610000102
2023-08-14 12:00:00,226711.112,219916.0854499999,6795.026550000097
2023-08-14 13:00:00,223525.826,219661.12015999987,3864.705840000126
2023-08-14 14:00:00,224902.613,219652.66855999987,5249.944440000138
2023-08-14 15:00:00,222482.856,217387.72068,5095.135320000001
2023-08-14 16:00:00,214438.719,210304.96090999994,4133.758090000076
2023-08-14 17:00:00,206549.871,202618.38875999994,3931.4822400000703
2023-08-14 18:00:00,204748.692,201193.81869999995,3554.873300000065
2023-08-14 19:00:00,210256.269,206678.9841699999,3577.284830000106
2023-08-14 20:00:00,208648.582,209369.90368000002,-721.3216800000228
2023-08-14 21:00:00,208399.23,209666.08905000004,-1266.8590500000282
2023-08-14 22:00:00,208028.332,210570.80582999994,-2542.4738299999444
2023-08-14 23:00:00,205371.748,209481.1756199999,-4109.427619999915
2023-08-15 00:00:00,202983.138,201503.1075999999,1480.0304000001051
2023-08-15 01:00:00,198876.519,198631.05570999996,245.46329000004334
2023-08-15 02:00:00,195817.169,194477.82647999993,1339.3425200000638
2023-08-15 03:00:00,193740.151,192634.27657000013,1105.8744299998798
2023-08-15 04:00:00,193399.229,192024.12840999995,1375.1005900000455
2023-08-15 05:00:00,196210.343,192095.89891999998,4114.444080000016
2023-08-15 06:00:00,197320.122,193941.4420100001,3378.679989999917
2023-08-15 07:00:00,196438.772,199238.79625999992,-2800.0242599999183
2023-08-15 08:00:00,198628.843,200148.57950999986,-1519.7365099998715
2023-08-15 09:00:00,205977.097,204215.02003999983,1762.0769600001804
2023-08-15 10:00:00,210280.753,209753.89177999995,526.8612200000498
2023-08-15 11:00:00,212271.032,211506.40411999996,764.6278800000437
2023-08-15 12:00:00,213761.065,215286.8784000001,-1525.813400000101
2023-08-15 13:00:00,212386.767,215280.6975100001,-2893.930510000093
2023-08-15 14:00:00,212812.6,215568.14870000014,-2755.5487000001303
2023-08-15 15:00:00,210637.147,215070.42247000008,-4433.2754700000805
2023-08-15 16:00:00,202337.394,210114.80048000003,-7777.406480000034
2023-08-15 17:00:00,192665.953,206196.66599999994,-13530.71299999993
2023-08-15 18:00:00,190392.94,200697.33579999997,-10304.39579999997
2023-08-15 19:00:00,200512.683,198909.58613,1603.0968699999794
2023-08-15 20:00:00,202177.177,205448.31403,-3271.1370300000126
2023-08-15 21:00:00,202722.043,205673.89579,-2951.8527900000045
2023-08-15 22:00:00,203722.76,205485.92114,-1763.161139999982
2023-08-15 23:00:00,201965.928,204255.17179999995,-2289.2437999999383
2023-08-16 00:00:00,198334.84,198525.33493000007,-190.4949300000735
2023-08-16 01:00:00,194298.35,195260.49678000004,-962.1467800000391
2023-08-16 02:00:00,191190.753,190438.95152,751.8014799999946
2023-08-16 03:00:00,188811.109,187869.80978999997,941.2992100000265
2023-08-16 04:00:00,188542.93,189375.289,-832.3589999999967
2023-08-16 05:00:00,191474.012,191176.79331,297.2186899999797
2023-08-16 06:00:00,196024.996,193373.48552000005,2651.510479999968
2023-08-16 07:00:00,200669.647,194758.65480000005,5910.99219999995
2023-08-16 08:00:00,207019.74,199693.4961299999,7326.243870000093
2023-08-16 09:00:00,219471.155,208775.54684000008,10695.608159999916
2023-08-16 10:00:00,227069.953,216009.59638,11060.356620000006
2023-08-16 11:00:00,230969.134,216325.62483,14643.509170000005
2023-08-16 12:00:00,231799.736,217016.93785999995,14782.798140000057
2023-08-16 13:00:00,229257.835,216245.93153,13011.90346999999
2023-08-16 14:00:00,230728.605,216422.82494000002,14305.78005999999
2023-08-16 15:00:00,227172.0,216469.29137000002,10702.70862999998
2023-08-16 16:00:00,220401.809,209070.5128100001,11331.296189999906
2023-08-16 17:00:00,212075.728,205494.21146000005,6581.516539999953
2023-08-16 18:00:00,209226.019,200732.02715000004,8493.991849999962
2023-08-16 19:00:00,212505.443,201098.20843,11407.23457
2023-08-16 20:00:00,210156.719,206881.40153000003,3275.31746999998
2023-08-16 21:00:00,209679.19,206424.14210000006,3255.047899999947
2023-08-16 22:00:00,210554.294,206506.70706000002,4047.586939999979
2023-08-16 23:00:00,209454.494,206117.20375999997,3337.290240000031
2023-08-17 00:00:00,206281.996,203968.2415599999,2313.754440000106
2023-08-17 01:00:00,204571.315,199988.24771000005,4583.067289999948
2023-08-17 02:00:00,202241.342,198996.03460000013,3245.307399999874
2023-08-17 03:00:00,200175.556,198001.76400000014,2173.7919999998703
2023-08-17 04:00:00,199759.178,195707.99356999993,4051.184430000081
2023-08-17 05:00:00,200867.14,195902.00332999998,4965.136670000036
2023-08-17 06:00:00,204550.359,196228.65900999994,8321.699990000052
2023-08-17 07:00:00,208748.594,201677.98572999987,7070.6082700001425
2023-08-17 08:00:00,214549.703,209171.7551699999,5377.9478300001065
2023-08-17 09:00:00,223952.074,216560.79824000003,7391.27575999996
2023-08-17 10:00:00,229827.207,219770.1245,10057.08249999999
2023-08-17 11:00:00,232465.138,219770.1245,12695.013500000001
2023-08-17 12:00:00,232235.361,219770.1245,12465.236499999999
2023-08-17 13:00:00,229367.437,219767.95316,9599.48384
2023-08-17 14:00:00,232523.285,219947.92802000002,12575.356979999982
2023-08-17 15:00:00,229956.408,219736.10009,10220.307910000003
2023-08-17 16:00:00,222310.252,214027.5889,8282.663100000005
2023-08-17 17:00:00,215302.02,210955.0006499999,4347.019350000075
2023-08-17 18:00:00,213306.344,209100.41828,4205.925719999999
2023-08-17 19:00:00,212807.855,210503.98382000002,2303.8711799999874
2023-08-17 20:00:00,208859.915,210555.38939000005,-1695.4743900000467
2023-08-17 21:00:00,210916.036,209611.44391000003,1304.592089999962
2023-08-17 22:00:00,211739.347,211250.97927,488.3677299999981
2023-08-17 23:00:00,209458.364,211626.58852999995,-2168.2245299999486
2023-08-18 00:00:00,207520.369,206111.75084000005,1408.6181599999545
2023-08-18 01:00:00,205135.145,205490.09001000004,-354.945010000054
2023-08-18 02:00:00,202213.662,201485.32557999998,728.336420000036
2023-08-18 03:00:00,198922.346,198578.06019000002,344.2858099999721
2023-08-18 04:00:00,198555.078,196935.63171000005,1619.4462899999635
2023-08-18 05:00:00,200160.435,196824.85374000002,3335.581259999977
2023-08-18 06:00:00,203173.21,203614.7230199999,-441.51301999989664
2023-08-18 07:00:00,207422.299,207417.9413099999,4.357690000091679
2023-08-18 08:00:00,213258.241,210075.0108099999,3183.2301900001185
2023-08-18 09:00:00,222495.405,215465.1878900001,7030.2171099999105
2023-08-18 10:00:00,228262.145,219914.59537000005,8347.549629999936
2023-08-18 11:00:00,230528.477,219914.59537000005,10613.88162999996
2023-08-18 12:00:00,230241.875,219914.59537000005,10327.279629999946
2023-08-18 13:00:00,227545.92,219912.42403000005,7633.49596999996
2023-08-18 14:00:00,228936.72,220092.39889000007,8844.321109999932
2023-08-18 15:00:00,226990.305,219867.41858,7122.886419999995
2023-08-18 16:00:00,220186.996,213877.89386000004,6309.102139999974
2023-08-18 17:00:00,210443.999,212197.52445999996,-1753.5254599999462
2023-08-18 18:00:00,207412.916,210125.55799000003,-2712.641990000033
2023-08-18 19:00:00,212873.318,209749.01499999996,3124.3030000000435
2023-08-18 20:00:00,210851.277,210337.06897999995,514.2080200000491
2023-08-18 21:00:00,210155.807,210655.96672999996,-500.15972999995574
2023-08-18 22:00:00,209527.26,211033.3971399999,-1506.1371399998898
2023-08-18 23:00:00,207576.414,209604.87031000006,-2028.4563100000669
2023-08-19 00:00:00,205223.546,205480.98018000007,-257.4341800000693
2023-08-19 01:00:00,203153.563,204117.3759799999,-963.8129799999006
2023-08-19 02:00:00,200269.732,199928.56558,341.1664199999941
2023-08-19 03:00:00,196715.723,196973.49154999998,-257.76854999997886
2023-08-19 04:00:00,195768.844,193791.55274,1977.2912599999981
2023-08-19 05:00:00,195614.897,195354.29455000002,260.60244999997667
2023-08-19 06:00:00,197738.179,198310.21878999993,-572.0397899999225
2023-08-19 07:00:00,201094.2,198942.57867999998,2151.6213200000348
2023-08-19 08:00:00,206638.546,206286.29748000007,352.2485199999355
2023-08-19 09:00:00,214203.918,209557.11226,4646.805740000011
2023-08-19 10:00:00,218556.036,216074.29296000008,2481.743039999914
2023-08-19 11:00:00,219064.877,218841.44022000005,223.43677999995998
2023-08-19 12:00:00,220042.369,219010.18029000008,1032.1887099999294
2023-08-19 13:00:00,217304.72,219136.96073000002,-1832.2407300000195
2023-08-19 14:00:00,217588.813,218982.77211000008,-1393.9591100000835
2023-08-19 15:00:00,217104.196,218759.32908999998,-1655.1330899999884
2023-08-19 16:00:00,210943.091,212574.55156,-1631.4605600000068
2023-08-19 17:00:00,205078.699,209119.9977699999,-4041.2987699999067
2023-08-19 18:00:00,203859.208,205449.56713999994,-1590.3591399999277
2023-08-19 19:00:00,208917.834,206250.45029000004,2667.3837099999655
2023-08-19 20:00:00,206240.427,209015.73124999992,-2775.3042499999283
2023-08-19 21:00:00,204639.456,208291.57087000003,-3652.1148700000194
2023-08-19 22:00:00,204196.437,206818.78904999996,-2622.3520499999577
2023-08-19 23:00:00,202190.332,205231.36923999994,-3041.037239999947
2023-08-20 00:00:00,201039.02,199727.08520999993,1311.9347900000575
2023-08-20 01:00:00,198819.884,198810.55256999985,9.331430000136606
2023-08-20 02:00:00,195967.351,195779.78845999998,187.56254000001354
2023-08-20 03:00:00,193829.742,192760.6686,1069.0733999999939
2023-08-20 04:00:00,193594.82,192288.09108999997,1306.7289100000344
2023-08-20 05:00:00,192026.431,192538.7704999999,-512.3394999998854
2023-08-20 06:00:00,190987.694,193718.82568999994,-2731.131689999951
2023-08-20 07:00:00,195359.892,195725.86239999987,-365.97039999987464
2023-08-20 08:00:00,199723.301,197735.1582099999,1988.1427900001
2023-08-20 09:00:00,206542.115,204825.2268200001,1716.8881799998926
2023-08-20 10:00:00,210155.22,208285.30036999995,1869.9196300000476
2023-08-20 11:00:00,213301.901,210904.59157,2397.309430000023
2023-08-20 12:00:00,214099.831,215582.82524000006,-1482.9942400000582
2023-08-20 13:00:00,211693.242,215238.8848000001,-3545.6428000000888
2023-08-20 14:00:00,212066.213,214325.96432,-2259.7513200000103
2023-08-20 15:00:00,209963.62,214050.9340499999,-4087.314049999899
2023-08-20 16:00:00,203393.271,208719.04760999992,-5325.7766099999135
2023-08-20 17:00:00,195853.916,203042.78872000004,-7188.872720000043
2023-08-20 18:00:00,193687.911,197978.00115999993,-4290.090159999934
2023-08-20 19:00:00,202411.699,199382.39191000003,3029.3070899999584
2023-08-20 20:00:00,202198.495,204038.82514000003,-1840.3301400000346
2023-08-20 21:00:00,201947.734,202569.91724999994,-622.1832499999437
2023-08-20 22:00:00,202363.651,202094.86829999994,268.78270000006887
2023-08-20 23:00:00,200413.403,201754.0695899999,-1340.6665899999207
2023-08-21 00:00:00,196924.133,198827.88239999997,-1903.7493999999715
2023-08-21 01:00:00,195224.27,192967.02606999996,2257.243930000026
2023-08-21 02:00:00,192788.366,194364.45915000007,-1576.0931500000588
2023-08-21 03:00:00,191193.819,191052.1627499999,141.6562500000873
2023-08-21 04:00:00,191334.219,195312.4392700001,-3978.220270000078
2023-08-21 05:00:00,191174.473,197396.3989100001,-6221.925910000107
2023-08-21 06:00:00,194959.947,197644.47846000013,-2684.531460000144
2023-08-21 07:00:00,201277.551,199318.9197400002,1958.63125999982
2023-08-21 08:00:00,208428.611,204308.94504999998,4119.665950000024
2023-08-21 09:00:00,218000.276,210930.93921999997,7069.3367800000415
2023-08-21 10:00:00,222782.022,216053.59092000005,6728.431079999951
2023-08-21 11:00:00,225589.055,217218.84428999995,8370.210710000043
2023-08-21 12:00:00,224724.605,217226.21763999996,7498.387360000052
2023-08-21 13:00:00,223602.555,216220.79133,7381.763669999986
2023-08-21 14:00:00,225424.284,216550.92938000002,8873.354619999998
2023-08-21 15:00:00,222856.018,216166.91703000004,6689.10096999997
2023-08-21 16:00:00,216679.575,211448.8200200001,5230.754979999911
2023-08-21 17:00:00,208791.843,207833.36183000007,958.4811699999264
2023-08-21 18:00:00,204828.579,202882.91452,1945.6644800000067
2023-08-21 19:00:00,207630.587,205417.11153,2213.475470000005
2023-08-21 20:00:00,206221.045,206997.89437,-776.8493699999817
2023-08-21 21:00:00,206266.692,205826.94638999994,439.7456100000709
2023-08-21 22:00:00,206709.721,206546.9585599999,162.76244000007864
2023-08-21 23:00:00,205166.425,204602.15989999994,564.2651000000478
2023-08-22 00:00:00,202346.218,199232.09344999993,3114.124550000066
2023-08-22 01:00:00,200804.889,197647.58860999995,3157.3003900000476
2023-08-22 02:00:00,198289.377,196295.31134,1994.065660000022
2023-08-22 03:00:00,196897.086,193810.56010000012,3086.5258999998914
2023-08-22 04:00:00,196054.256,192622.69793000008,3431.558069999912
2023-08-22 05:00:00,196506.447,193227.99815000012,3278.4488499998697
2023-08-22 06:00:00,199683.664,193333.70874000012,6349.9552599998715
2023-08-22 07:00:00,204459.911,203771.47846999989,688.4325300001074
2023-08-22 08:00:00,212086.137,208750.0938299999,3336.043170000077
2023-08-22 09:00:00,220833.546,214692.32419000004,6141.221809999959
2023-08-22 10:00:00,227162.137,219756.15667,7405.980329999991
2023-08-22 11:00:00,229205.558,219812.39933,9393.158670000004
2023-08-22 12:00:00,227896.102,219810.13204,8085.969960000017
2023-08-22 13:00:00,225964.3,219813.59451000002,6150.705489999964
2023-08-22 14:00:00,226695.866,219961.42495000002,6734.441049999994
2023-08-22 15:00:00,223229.754,219766.73020999998,3463.0237900000066
2023-08-22 16:00:00,216514.893,213396.65566999998,3118.2373300000327
2023-08-22 17:00:00,209042.709,209695.45901000005,-652.750010000047
2023-08-22 18:00:00,206445.747,207371.17392999993,-925.4269299999287
2023-08-22 19:00:00,209168.923,208453.69143999994,715.2315600000729
2023-08-22 20:00:00,206982.215,208760.25849999988,-1778.0434999998834
2023-08-22 21:00:00,206067.394,208294.96649999992,-2227.572499999922
2023-08-22 22:00:00,206906.996,207984.53268000003,-1077.5366800000193
2023-08-22 23:00:00,204731.651,207155.17385,-2423.5228499999794
2023-08-23 00:00:00,200095.866,201522.40369999985,-1426.5376999998407
2023-08-23 01:00:00,196667.191,197816.50777999999,-1149.3167799999937
2023-08-23 02:00:00,193256.256,193146.7102,109.5457999999926
2023-08-23 03:00:00,189831.223,192061.34115999995,-2230.1181599999545
2023-08-23 04:00:00,188519.55,191189.21627000012,-2669.6662700001325
2023-08-23 05:00:00,190655.447,191732.20454,-1076.7575400000205
2023-08-23 06:00:00,195421.315,195419.22352999996,2.0914700000430457
2023-08-23 07:00:00,198698.398,199231.67320999995,-533.2752099999634
2023-08-23 08:00:00,202826.975,200281.1889099999,2545.786090000096
2023-08-23 09:00:00,211276.061,207276.14827,3999.912729999982
2023-08-23 10:00:00,215272.892,212350.98866,2921.90333999999
2023-08-23 11:00:00,215842.022,217951.97959000003,-2109.9575900000345
2023-08-23 12:00:00,214963.087,218287.81864,-3324.7316400000127
2023-08-23 13:00:00,211714.5,217335.23837000012,-5620.738370000123
2023-08-23 14:00:00,211102.373,214669.42080000008,-3567.0478000000876
2023-08-23 15:00:00,213185.728,212281.9250599999,903.8029400001105
2023-08-23 16:00:00,208343.335,211127.72858,-2784.3935800000036
2023-08-23 17:00:00,202861.547,207667.00832000002,-4805.461320000031
2023-08-23 18:00:00,203971.242,206251.37799000007,-2280.135990000068
2023-08-23 19:00:00,210297.596,206711.21877,3586.3772299999837
2023-08-23 20:00:00,206434.609,209045.94254999995,-2611.333549999952
2023-08-23 21:00:00,205813.827,208247.95589999997,-2434.1288999999815
2023-08-23 22:00:00,205031.696,207768.14481999993,-2736.4488199999323
2023-08-23 23:00:00,202407.902,205564.10053999998,-3156.198539999983
2023-08-24 00:00:00,198265.951,199215.51497,-949.5639699999883
2023-08-24 01:00:00,193083.538,193684.24106000006,-600.703060000058
2023-08-24 02:00:00,189679.486,189320.71437000003,358.7716299999738
2023-08-24 03:00:00,187209.877,185407.73515000017,1802.14184999984
2023-08-24 04:00:00,186650.465,186934.74772999997,-284.28272999997716
2023-08-24 05:00:00,189265.269,186874.90045,2390.368550000014
2023-08-24 06:00:00,194533.134,191162.8832099999,3370.2507900000783
2023-08-24 07:00:00,198858.423,196439.75194000002,2418.6710599999933
2023-08-24 08:00:00,203347.89,200423.99610000002,2923.8938999999955
2023-08-24 09:00:00,211507.119,207027.71027999988,4479.408720000123
2023-08-24 10:00:00,215886.44,213399.83437,2486.6056300000055
2023-08-24 11:00:00,217826.696,216866.74066999997,959.9553300000262
2023-08-24 12:00:00,217203.766,217166.56521000003,37.200789999973495
2023-08-24 13:00:00,215080.162,216048.40348,-968.241479999997
2023-08-24 14:00:00,217658.22,215192.43674000003,2465.7832599999674
2023-08-24 15:00:00,216614.616,216678.8171400001,-64.20114000007743
2023-08-24 16:00:00,211174.131,209355.99113000007,1818.1398699999263
2023-08-24 17:00:00,202738.641,205631.91568,-2893.2746800000023
2023-08-24 18:00:00,203022.756,204011.5539499999,-988.7979499999201
2023-08-24 19:00:00,211184.012,206433.7729300001,4750.239069999894
2023-08-24 20:00:00,208707.785,209542.30953000003,-834.5245300000242
2023-08-24 21:00:00,205791.695,208841.23827000006,-3049.543270000053
2023-08-24 22:00:00,205973.952,207153.68249999994,-1179.730499999947
2023-08-24 23:00:00,202413.837,204732.86191999988,-2319.02491999988
2023-08-25 00:00:00,198370.735,198152.58034999997,218.15465000001132
2023-08-25 01:00:00,193757.25,194652.73183000012,-895.4818300001207
2023-08-25 02:00:00,189720.04,190133.91504,-413.87503999998444
2023-08-25 03:00:00,186760.975,185879.8583500001,881.1166499998944
2023-08-25 04:00:00,186957.541,185840.90265999996,1116.638340000034
2023-08-25 05:00:00,190185.436,187530.87505999996,2654.560940000025
2023-08-25 06:00:00,195319.685,190066.4020999999,5253.2829000001075
2023-08-25 07:00:00,198063.6,197793.16814000002,270.4318599999824
2023-08-25 08:00:00,203034.481,200240.8038299999,2793.6771700000972
2023-08-25 09:00:00,213791.199,207352.84222999998,6438.356770000013
2023-08-25 10:00:00,219678.519,214665.31606,5013.202939999988
2023-08-25 11:00:00,222790.593,219044.18524999995,3746.407750000042
2023-08-25 12:00:00,223345.939,219005.95952999993,4339.979470000078
2023-08-25 13:00:00,219812.3,217962.08012999996,1850.21987000003
2023-08-25 14:00:00,221507.621,219691.94458999994,1815.6764100000728
2023-08-25 15:00:00,220319.326,219404.63595999993,914.6900400000741
2023-08-25 16:00:00,214287.926,210550.32366999998,3737.6023300000234
2023-08-25 17:00:00,205755.416,206708.64733000007,-953.2313300000678
2023-08-25 18:00:00,204887.968,203919.78414999996,968.1838500000304
2023-08-25 19:00:00,212610.896,207880.16866999998,4730.727330000023
2023-08-25 20:00:00,210215.734,210135.01348000002,80.72051999997348
2023-08-25 21:00:00,208966.635,209451.4107800001,-484.7757800000836
2023-08-25 22:00:00,209397.456,209307.94353000008,89.51246999992873
2023-08-25 23:00:00,206052.779,205923.35680000004,129.42219999997178
2023-08-26 00:00:00,201834.166,200480.20942999996,1353.9565700000385
2023-08-26 01:00:00,196948.065,197267.69004000002,-319.62504000001354
2023-08-26 02:00:00,192610.775,192155.78489000007,454.99010999992606
2023-08-26 03:00:00,189690.141,188980.04595,710.0950500000035
2023-08-26 04:00:00,188620.502,188136.53093999994,483.971060000069
2023-08-26 05:00:00,191454.299,188233.57570999998,3220.7232900000236
2023-08-26 06:00:00,195811.442,191962.00557999988,3849.436420000129
2023-08-26 07:00:00,198822.466,196179.41236,2643.0536399999983
2023-08-26 08:00:00,204741.658,200081.62681999998,4660.03118000002
2023-08-26 09:00:00,214069.121,208623.01652999994,5446.104470000078
2023-08-26 10:00:00,218520.803,216229.00505000007,2291.797949999949
2023-08-26 11:00:00,220579.634,218841.44022000005,1738.1937799999432
2023-08-26 12:00:00,221758.536,219139.13207000002,2619.4039299999713
2023-08-26 13:00:00,219570.246,219470.32317000002,99.92282999999588
2023-08-26 14:00:00,221899.311,219160.77788000004,2738.533119999949
2023-08-26 15:00:00,221473.978,219429.57994999998,2044.398050000018
2023-08-26 16:00:00,214444.181,210900.24152999997,3543.939470000041
2023-08-26 17:00:00,205936.941,207962.29585999998,-2025.3548599999922
2023-08-26 18:00:00,204765.58,205647.03067000012,-881.4506700001366
2023-08-26 19:00:00,212789.501,206831.89971999996,5957.601280000032
2023-08-26 20:00:00,210586.993,209664.8309699999,922.1620300000941
2023-08-26 21:00:00,209113.301,208984.07929000002,129.22170999998343
2023-08-26 22:00:00,209850.573,209408.2366299999,442.33637000009185
2023-08-26 23:00:00,207704.002,209208.47239,-1504.4703900000022
2023-08-27 00:00:00,205255.53,203643.95926000015,1611.57073999985
2023-08-27 01:00:00,201460.985,198304.32002999994,3156.6649700000416
2023-08-27 02:00:00,197577.24,197235.84438000005,341.3956199999375
2023-08-27 03:00:00,194524.691,194037.49890000004,487.19209999995655
2023-08-27 04:00:00,193516.916,192215.16586999994,1301.7501300000586
2023-08-27 05:00:00,194314.257,191908.4613399999,2405.79566000012
2023-08-27 06:00:00,194436.685,193317.23227999997,1119.4527200000302
2023-08-27 07:00:00,196197.329,195474.09811999992,723.2308800000756
2023-08-27 08:00:00,200810.476,197420.31461999993,3390.161380000063
2023-08-27 09:00:00,209103.326,205629.45956,3473.8664400000125
2023-08-27 10:00:00,214028.338,210343.67681,3684.6611899999843
2023-08-27 11:00:00,215798.484,216202.29892000006,-403.81492000006256
2023-08-27 12:00:00,215815.774,217723.94001000002,-1908.1660100000154
2023-08-27 13:00:00,214742.505,218091.06013,-3348.5551299999934
2023-08-27 14:00:00,216707.647,217266.7735900001,-559.1265900001163
2023-08-27 15:00:00,215628.496,218063.56240000005,-2435.0664000000397
2023-08-27 16:00:00,207064.332,209660.1388599999,-2595.806859999895
2023-08-27 17:00:00,196534.267,205468.26809,-8934.001090000005
2023-08-27 18:00:00,195484.053,198722.6993399999,-3238.64633999989
2023-08-27 19:00:00,207864.379,200773.15835999988,7091.220640000101
2023-08-27 20:00:00,207717.9,208524.34134999997,-806.4413499999791
2023-08-27 21:00:00,207534.639,207133.03802000004,401.60097999995924
2023-08-27 22:00:00,209118.693,208772.54752999992,346.1454700000759
2023-08-27 23:00:00,207095.729,208461.64857000008,-1365.9195700000855
2023-08-28 00:00:00,204151.168,205916.05514,-1764.8871400000062
2023-08-28 01:00:00,199379.297,201626.89865,-2247.601649999997
2023-08-28 02:00:00,195745.179,199337.49225999997,-3592.3132599999662
2023-08-28 03:00:00,193352.376,197351.79496000006,-3999.418960000068
2023-08-28 04:00:00,193511.661,197061.64967,-3549.9886700000206
2023-08-28 05:00:00,195641.641,197736.04028000004,-2094.3992800000415
2023-08-28 06:00:00,199463.194,199680.3673400001,-217.17334000012488
2023-08-28 07:00:00,202188.332,203571.06815999985,-1382.7361599998549
2023-08-28 08:00:00,205822.377,205077.15088,745.2261200000066
2023-08-28 09:00:00,213208.351,209062.66504999995,4145.685950000043
2023-08-28 10:00:00,219215.145,214950.03575999994,4265.109240000049
2023-08-28 11:00:00,222022.232,218261.4227499999,3760.8092500000785
2023-08-28 12:00:00,222389.382,218452.3198599999,3937.062140000111
2023-08-28 13:00:00,221950.723,217831.77486999996,4118.948130000033
2023-08-28 14:00:00,225826.825,219394.6049899999,6432.220010000106
2023-08-28 15:00:00,227530.987,217899.92557999998,9631.061420000013
2023-08-28 16:00:00,221199.494,211199.62475,9999.869250000018
2023-08-28 17:00:00,211563.129,208463.47015000007,3099.6588499999198
2023-08-28 18:00:00,209209.553,204220.9959,4988.557100000005
2023-08-28 19:00:00,217343.182,209128.62145999997,8214.560540000035
2023-08-28 20:00:00,216029.021,211201.39493000004,4827.626069999969
2023-08-28 21:00:00,215479.53,211133.21767000007,4346.312329999928
2023-08-28 22:00:00,217306.483,211147.3963700001,6159.086629999918
2023-08-28 23:00:00,214897.076,211431.45258000004,3465.62341999996
2023-08-29 00:00:00,211326.88,209818.18851,1508.6914899999974
2023-08-29 01:00:00,206360.071,205922.34698999996,437.72401000003447
2023-08-29 02:00:00,202380.969,201674.36779000002,706.6012099999934
2023-08-29 03:00:00,199106.098,198204.72986000017,901.3681399998313
2023-08-29 04:00:00,198150.255,194717.54883999994,3432.7061600000598
2023-08-29 05:00:00,200444.449,193748.6425300001,6695.806469999894
2023-08-29 06:00:00,203176.364,198123.35613999984,5053.007860000158
2023-08-29 07:00:00,204549.707,206115.7654099998,-1566.058409999794
2023-08-29 08:00:00,209909.536,208157.4416699999,1752.09433000008
2023-08-29 09:00:00,220875.509,210525.95001000003,10349.558989999961
2023-08-29 10:00:00,227825.393,219721.20798999994,8104.185010000074
2023-08-29 11:00:00,231012.116,219701.06876,11311.047240000014
2023-08-29 12:00:00,232165.607,219701.06876,12464.538239999994
2023-08-29 13:00:00,230745.25,219698.89742,11046.352580000006
2023-08-29 14:00:00,233059.556,219852.36166999998,13207.194330000028
2023-08-29 15:00:00,230665.184,219673.21941999995,10991.964580000058
2023-08-29 16:00:00,221896.145,213750.40454999998,8145.740450000012
2023-08-29 17:00:00,211674.967,210472.35225999993,1202.6147400000773
2023-08-29 18:00:00,208558.342,209064.95641,-506.61441000000923
2023-08-29 19:00:00,212761.347,210150.82586999994,2610.5211300000665
2023-08-29 20:00:00,211784.417,211760.87065000006,23.546349999931408
2023-08-29 21:00:00,210986.605,211950.69689000008,-964.0918900000688
2023-08-29 22:00:00,211459.511,211340.66251999995,118.84848000004422
2023-08-29 23:00:00,209519.28,211556.22397000008,-2036.9439700000803
2023-08-30 00:00:00,207593.618,208500.72853,-907.1105300000054
2023-08-30 01:00:00,205058.619,205872.47003999996,-813.8510399999504
2023-08-30 02:00:00,202466.715,201657.81946999996,808.895530000038
2023-08-30 03:00:00,199774.335,199057.53075999997,716.8042400000268
2023-08-30 04:00:00,199295.86,196800.65191999997,2495.2080800000113
2023-08-30 05:00:00,201114.891,197201.05478000012,3913.836219999881
2023-08-30 06:00:00,202673.727,203196.3517099999,-522.6247099998873
2023-08-30 07:00:00,206872.686,206332.7192499999,539.9667500000796
2023-08-30 08:00:00,213004.763,209933.63046000001,3071.1325399999914
2023-08-30 09:00:00,223990.708,215679.45898000005,8311.24901999996
2023-08-30 10:00:00,229901.071,219790.84107999998,10110.229920000012
2023-08-30 11:00:00,232499.881,219681.7778,12818.103199999983
2023-08-30 12:00:00,230589.801,219790.84107999998,10798.959920000023
2023-08-30 13:00:00,228384.419,219790.93703000003,8593.481969999964
2023-08-30 14:00:00,228620.296,219950.03509000002,8670.260909999983
2023-08-30 15:00:00,224799.702,219739.61871999997,5060.083280000021
2023-08-30 16:00:00,216440.218,213886.76962999997,2553.4483700000274
2023-08-30 17:00:00,207171.422,209981.7924500001,-2810.370450000104
2023-08-30 18:00:00,204587.066,207555.20343999995,-2968.137439999962
2023-08-30 19:00:00,207132.506,208007.71269,-875.2066899999918
2023-08-30 20:00:00,207369.138,209822.80605,-2453.6680500000075
2023-08-30 21:00:00,207310.004,210132.42268,-2822.4186800000025
2023-08-30 22:00:00,208125.356,210310.01519999988,-2184.659199999878
2023-08-30 23:00:00,206774.936,209952.3956799999,-3177.4596799999126
2023-08-31 00:00:00,205685.297,206090.13890999986,-404.84190999987186
2023-08-31 01:00:00,204041.187,205254.34716999985,-1213.1601699998428
2023-08-31 02:00:00,201978.66,201326.02873999995,652.6312600000529
2023-08-31 03:00:00,200252.19,198784.18025000003,1468.0097499999683
2023-08-31 04:00:00,200477.089,197184.40341000003,3292.685589999979
2023-08-31 05:00:00,201361.292,197601.39499000003,3759.897009999957
2023-08-31 06:00:00,201881.166,203163.68684999982,-1282.5208499998262
2023-08-31 07:00:00,204805.891,207035.45854999998,-2229.567549999978
2023-08-31 08:00:00,213129.369,209808.30513999998,3321.063860000024
2023-08-31 09:00:00,225587.264,215799.54271000007,9787.721289999929
2023-08-31 10:00:00,232684.189,219770.1245,12914.064500000008
2023-08-31 11:00:00,234760.945,219770.1245,14990.820500000002
2023-08-31 12:00:00,235589.116,219770.1245,15818.991500000004
2023-08-31 13:00:00,234320.845,219897.89324,14422.951759999996
2023-08-31 14:00:00,233181.663,219947.92802000002,13233.73497999998
2023-08-31 15:00:00,229674.0,219736.10009,9937.899910000007
2023-08-31 16:00:00,221172.666,212959.59519999992,8213.070800000074
2023-08-31 17:00:00,211792.22,209820.25844000003,1971.961559999967
2023-08-31 18:00:00,208243.033,208061.2225999999,181.81040000010398
2023-08-31 19:00:00,212021.024,207935.90217000004,4085.12182999996
2023-08-31 20:00:00,211197.15,209877.9851600001,1319.1648399998958
2023-08-31 21:00:00,211213.876,210006.28659000012,1207.5894099998695
2023-08-31 22:00:00,212099.126,210163.9200800001,1935.2059199998912
2023-08-31 23:00:00,209772.178,210115.3002900001,-343.12229000008665
